카테고리,product,price,rate
라면,[농심] 신라면 120gx5입,3680,4.95
라면,[농심] 올리브 짜파게티 (140gx5입),4280,4.95
라면,[농심] 육개장 사발면 (86gx6입),3750,4.95
라면,오뚜기 진라면 매운맛 120g*5입,3100,4.96
라면,[농심] 안성탕면 5입 625g (125g5입),3280,4.94
라면,농심 얼큰한 너구리 (120gx5입),4080,4.95
라면,오뚜기 진라면 순한맛 120g(5입),3100,4.95
라면,[삼양] 삼양라면 5입,2800,4.93
라면,[오뚜기] 열라면 5입 (120g*5입),3150,4.95
라면,[팔도 Paldo] 왕뚜껑 110g,800,4.94
라면,[농심] 김치 사발면 (86gx6),3750,4.94
라면,[삼양] 불닭 볶음면 (140gx5입),3276,4.94
라면,[오뚜기] 스낵면 540g (108g*5입),2950,4.93
라면,[팔도] 김치 왕뚜껑 110g,800,4.93
라면,[농심] 신라면 컵 6입 390g (65g6입),4740,4.95
라면,[삼양] 대관령 쇠고기면 120g5입,3000,4.87
라면,[팔도 Paldo] 비빔면 5입,4200,4.94
라면,[삼양]까르보불닭볶음면 520g(130gx4개입),3766,4.93
라면,오뚜기 오동통면 얼큰한맛 120gX4개,2800,4.94
라면,오뚜기 육개장 큰컵 104g*6(20%증량),3780,4.87
라면,농심 사리면 110g*5입,1380,4.91
라면,[농심] 짜파게티 범벅 (70g6입),4500,4.95
라면,[농심] 사리곰탕면 (110gx5입),3880,4.92
라면,[농심] 오징어 짬뽕 5입 620g (124g5입),4280,4.92
라면,No Brand [노브랜드] 라면 한 그릇 115gx5봉입,1980,4.84
라면,팔도 꼬꼬면 5입,4380,4.88
라면,[농심] 튀김우동 큰사발 111g,1030,4.94
라면,팔도 틈새라면 빨계떡120g*5입,4400,4.93
라면,[오뚜기] 컵누들(매콤한맛) 37g,1070,4.94
라면,[농심] 튀김 우동 컵 (62g6입),4740,4.94
라면,No Brand [노브랜드] 짜장라면 5개입,2280,4.85
라면,농심 앵그리짜파구리 4입,4280,4.92
라면,농심 생생우동봉지 4입,6980,4.94
라면,[팔도] 팔도 도시락 86g,780,4.92
라면,오뚜기 진짬뽕 130gX4입,5980,4.94
라면,오뚜기 참깨라면 용기 110g,1050,4.94
라면,오뚜기 컵누들 우동맛,1080,4.92
라면,[농심] 튀김 우동 컵 62g,790,4.94
라면,오뚜기 진진짜라135g*4,3650,4.88
라면,[농심] 신라면 컵 65g,790,4.94
라면,[농심] 오징어 짬뽕 컵 67g,790,4.94
라면,농심 사천짜파게티 4입,4080,4.94
라면,농심 배홍동비빔면 4입,3480,4.89
라면,오뚜기 진짜장 135gX4입,3650,4.9
라면,[삼양] 짜짜로니 140gx4개입,3100,4.88
라면,No Brand 노브랜드 쌀국수 멸치맛 92g,980,4.8
라면,팔도 왕뚜껑 130g*4입,2304,4.82
라면,No Brand 노브랜드 쌀국수 얼큰한맛 92g,980,4.81
라면,삼양 4가지치즈불닭볶음면 145g*4입,3836,4.86
라면,쇠고기미역국라면 115gX4입,3650,4.89
라면,농심 무파마탕면 4입,4080,4.91
라면,[농심] 사리곰탕 큰사발면 111g,1030,4.93
라면,농심 앵그리짜파구리 큰사발,1320,4.88
라면,삼양 크림까르보 불닭볶음면 140g*4입,3836,4.9
라면,팔도 꼬꼬면 5입,4380,4.91
라면,[오뚜기] 컵누들 매콤한맛 소컵 37.8g*6,6480,4.95
라면,오뚜기 크림진짬뽕멀티 130g*4,3650,4.89
라면,오뚜기 참깨라면 65gx6입,5400,4.96
라면,[농심] 새우탕 컵면 67g,790,4.93
라면,농심 신라면건면사발 4입,4960,4.89
라면,[농심] 너구리 컵 (62g6입),4900,4.93
라면,[농심]신라면 블랙 536g(4입),5480,4.89
라면,오뚜기 진비빔면156g*4,3880,4.9
라면,[농심] 올리브 짜파게티 (140g*5입),4280,4.97
라면,No Brand [노브랜드] 육개장컵라면 79g,500,4.88
라면,No Brand [노브랜드] 파돈코츠라멘 172g,1980,4.82
라면,[삼양] 나가사끼 짬뽕 (115g*5입),4480,4.91
라면,오뚜기  라면 사리 (110g5개),1580,4.91
라면,오뚜기 김치라면 4입 480g,2350,4.9
라면,오뚜기 진라면 매운맛 용기 6입 (110gX6),5700,4.94
라면,No Brand 노브랜드마라탕면189.7g,1950,4.63
라면,오뚜기 북엇국라면 멀티 110g*4,5480,4.82
라면,[농심] 육개장 큰사발면 110g,1030,4.92
과자,PEACOCK (G)[피코크] 초콜릿 샌드위치 비스킷 135g,2980,4.91
과자,크라운 콘칩 군옥수수맛 148G,2380,4.95
과자,[해태] 홈런볼초코 5번들 230g,5980,4.96
과자,농심 새우깡 블랙,2300,4.45
과자,롯데 빼빼로오리지날54g,1180,4.95
과자,[농심] 새우깡90g,1020,4.95
과자,롯데 빼빼로누드초코50g,1180,4.95
과자,[롯데] 마가렛트오리지날396g,3950,4.95
과자,몽쉘 크림케이크384g,3980,4.94
과자,[크라운] 빅파이 딸기 324g,3840,4.94
과자,롯데 크런키빼빼로140G,3840,4.95
과자,크라운 죠리퐁 165G,2380,4.95
과자,[해태] 포키 극세 44g,980,4.95
과자,No Brand 노브랜드 감자칩 오리지날 110g,890,4.9
과자,[오리온] 포카칩 오리지널 66g,1170,4.94
과자,오리온 초코송이 36g*2번들,980,4.96
과자,[롯데] 칙촉 180g,2980,4.94
과자,No Brand 노브랜드 고르곤졸라치즈 소프트콘 145g,1280,4.87
과자,[롯데] 칸쵸 196g,1980,4.95
과자,[롯데] 빈츠 204g,3360,4.96
과자,크라운 국희땅콩샌드 372g(12입),3840,4.93
과자,PEACOCK (G)[피코크] 초코밀크 타르트 비스킷225g,2980,4.87
과자,롯데제과 롯데 아몬드 빼빼로 10입 기획 370g,11800,5.0
과자,크라운쵸코하임 18개입 284g,4780,4.96
과자,[롯데] 꼬깔콘 군옥수수맛 72g,1000,4.95
과자,농심 양파링 84g,1200,4.94
과자,PEACOCK 피코크 나쵸칩 오리지널 100g,1980,4.92
과자,[농심] 알새우칩 68g,1200,4.94
과자,롯데 빅리본빼빼로(5갑)223G,5900,4.88
과자,크라운 참쌀선과 253g,3880,4.95
과자,[농심] 매운새우깡 90g,990,4.95
과자,오리온 촉촉한초코칩 12P+4P 320G,3840,4.96
과자,[오리온] 왕고래밥 56g,980,4.95
과자,해태 오예스피넛버터360g,3980,4.77
과자,No Brand 노브랜드 자색고구마칩 110g,980,4.87
과자,해태 에이스 364g,3180,4.96
과자,오레오 화이트크림 샌드위치 쿠키100g,980,4.95
과자,해태 허니버터칩4번들 152g,2980,4.94
과자,오리온 썬 핫 스파이시 맛 135g,1980,4.95
과자,PEACOCK [피코크] 스윗 & 솔트 팝콘 스낵 140g,1980,4.92
과자,롯데 치토스 매콤달콤한맛 82g,1000,4.93
과자,[농심] 감자깡 75g,1200,4.95
과자,오리온 only생감자팩 180g,3980,4.94
과자,롯데 스몰리본빼빼로(4갑)152G,4720,5.0
과자,[크라운] 쿠크다스 화이트 토르테  288g,4380,4.95
과자,크라운 참쌀설병 270g,3880,4.95
과자,PEACOCK (G)피코크 에그롤쿠키 125g,2580,4.52
과자,해태 구운감자 162g(6입),4320,4.95
과자,롯데 샘플러빼빼로(6갑)252G,7080,5.0
과자,[농심] 포스틱 84g,1200,4.95
과자,오리온 쫀득한 찹쌀떡먹은 참붕어빵 232g,4320,4.93
과자,크라운 화이트하임 18개입 284g,4780,4.96
과자,No Brand 노브랜드 초코 웨이퍼롤 115g,980,4.91
과자,[오리온] 포카칩 어니언맛 66g,1180,4.94
과자,[농심] 새우깡 400g,3850,4.93
과자,PEACOCK 피코크 쿠키런킹덤 초코프레첼 80g,1980,5.0
과자,[오리온] 후레쉬 베리 12입 336g,5120,4.95
과자,[농심] 꿀꽈배기 90g,1200,4.94
과자,몽쉘 카카오케이크 384g,3980,4.93
과자,농심 오징어집 83g,1200,4.95
과자,오리온 감자패밀리팩 180g,3980,4.95
과자,오리온 예감 볶은양파 204g,2880,4.96
과자,[해태] 맛동산(38g*8회) 304g,4640,4.94
과자,롯데 씨리얼롱빼빼로128G,5580,4.52
과자,[롯데] 꼬깔콘 고소한맛 72g,1000,4.95
과자,[오리온] 오징어 땅콩(오리지널) 202g,2380,4.93
과자,농심 포테토칩 오리지널 4번들,2980,4.97
커피,(쓱배송)  [맥심] 모카골드 마일드 커피믹스 250입,28400,4.95
커피,맥심 (쓱배송)  [맥심] 화이트골드 커피믹스 250입,28400,4.96
커피,맥심  카누 마일드 로스트 아메리카노 미니 100입,19000,4.95
커피,(쓱배송)  [맥심] 카누 마일드 로스트 아메리카노 미니 150입,26980,4.97
커피,동서식품(주) [맥심]카누 미니 다크 로스트 아메리카노 100입,19000,4.94
커피,스타벅스 돌체구스토 프로모션팩,39500,4.86
커피,[매일] 바리스타룰스 에스프레소 라떼 250ml,1750,4.94
커피,[매일] 바리스타룰스 로-슈거 에스프레소 라떼 250ml,1750,4.95
커피,[서울우유] 스페셜티 카페라떼 마일드 250ml,1000,4.93
커피,맥심 슈프림골드 커피믹스 20입,3580,4.81
커피,맥심카누미니 마일드로스트 아메리카노 미니 260개,37980,4.97
커피,No Brand 노브랜드 콜롬비아 아메리카노 블랙 2.1L,2980,4.93
커피,맥심 카누  마일드 미니 27g (0.9g*30입),5980,4.95
커피,[맥심] 모카골드 마일드 커피믹스 (12g*100입),13900,4.93
커피,동서식품(주) 카누 돌체라떼 415.2g(24입),8700,4.9
커피,[맥심] 모카골드 마일드 커피믹스 180입 (12g*180입) (+20입 or 사은품 랜덤 증정),23500,4.91
커피,맥심 슈프림골드 커피믹스 150입+20입,25800,4.93
커피,[매일] 바리스타룰스 모카프레소 250ml,1750,4.93
커피,동서식품(주) [맥심]카누 디카페인 미니 아메리카노 30입,6160,4.92
커피,[맥심] 모카골드 마일드 커피믹스 (12g*20입),3170,4.93
커피,PEACOCK 피코크 콜롬비아 안티오키아 수프리모 핸드드립백 10g x 10개(원두커피),7680,4.84
커피,[서울우유] 스페셜티 카페라떼 모카 250ml,1000,4.92
커피,[맥심] TOP 볼드 에스프레소 라떼 300ml,1000,4.9
커피,동서식품(주) [맥심] 화이트골드 커피믹스 180입 (11.7g*180개) (+20입 or 사은품 랜덤 증정),23500,4.92
커피,맥심  화이트골드 커피믹스 (11.7g*50) 585g,7750,4.94
커피,[맥심]카누더블샷라떼 50입 (13.5g*50개입),16150,4.92
커피,[서울우유] 스페셜티 카페라떼 아포가토 250ml,1000,4.89
커피,동서식품(주) 카누 바닐라라떼 24입,10230,4.91
커피,[맥심] TOP 마일드 에스프레소 라떼 300ml,1000,4.9
커피,[맥심]카누 라떼 50입 (13.5g*50개입),16150,4.95
커피,레쓰비마일드175ml*12입,3980,4.93
커피,[맥심] 모카 골드 마일드 (12g*50입),7450,4.93
커피,일리 클래식로스트 디카페인 미니 1g*30개,8980,4.91
커피,PEACOCK [피코크] 콜드브루아메리카노(390ml×6),13080,4.86
커피,[스타벅스] 더블샷 에스프레소&크림 (200ml*4캔),4780,4.92
커피,일리 클래식로스트 미니 1g*30개,8980,4.9
커피,TOP 300ml*4입(볼드2+마일드2),3920,4.93
커피,[스타벅스]  네스프레소 하우스 블렌드,7700,4.93
커피,네스카페 돌체구스토 캡슐 아메리카노 30입,15900,4.97
커피,No Brand 노브랜드 카라멜 마끼아또 300ml,1280,4.88
커피,맥심카누 마일드로스트 아메리카노 60입,15480,4.95
커피,덴마크 오리진 돌체라떼 250ML,1980,4.73
커피,[스타벅스]  하우스 블렌드 분쇄 원두 200g,10900,4.88
커피,[맥심] 디카페인 커피믹스 20입 240g (12g20입),3980,4.9
커피,맥심 카누 미니 마일드 로스트 스위트 아메리카노 100입 290g (2.9g*100입),20450,4.94
커피,PEACOCK 피코크 파푸아뉴기니 쿠아 에이 블루마운틴 1kg (홀빈 원두),16900,4.87
커피,"동서식품(주) [맥심]모카골드 마일드 커피믹스 1,000입(250입X4개)",91120,4.96
커피,네스카페 돌체구스토 캡슐 룽고 30입,15900,4.97
커피,[스타벅스]  돌체구스토 하우스 블렌드,7900,4.94
커피,[한국야쿠르트] 콜드브루 액상스틱 72ml(12ml*6개입),3000,4.89
커피,[맥심]TOP 마스터라떼 275ml 4+2기획,5860,4.93
커피,[서울우유] 스페셜티 카페라떼 다크 250ml,1000,4.91
커피,스타벅스 블론드 에스프레소 by 네스프레소 캡슐 53g (5.3g x 10개입),7700,4.92
커피,[매일]바리스타룰스 카라멜 딥 프레소 250ml,1750,4.92
커피,동서식품(주) [맥심] 모카골드 마일드 리필 170g,7380,4.92
커피,스타벅스 네스프레소 브렉퍼스트 블렌드,7700,5.0
커피,[스타벅스]  네스프레소 싱글오리진 콜롬비아,7700,4.94
커피,동서식품(주) [맥심] 아라비카100 리필 150g,7480,4.9
커피,[스타벅스]  네스프레소 디카프 에스프레소 로스트,7700,4.92
커피,동서식품(주) [맥심] 모카골드 마일드 500g,18350,4.92
커피,스타벅스 파이크플레이스 로스트 by 네스카페 돌체구스토 캡슐,7900,4.92
커피,맥심 슈프림골드 커피믹스 100입,19200,4.92
커피,[스타벅스]  돌체구스토 베란다 블렌드,7900,4.94
커피,[루카스나인] 더블샷라떼 30입,9980,4.91
커피,[스타벅스]  네스프레소 카페 베로나,7700,4.94
커피,[스타벅스]  네스프레소 블론드 에스프레소 로스트,7700,4.95
제철과일,딸기 500g/팩,12500,4.74
제철과일,[뉴질랜드산] 제스프리 썬골드키위 7~14입/팩 (1.1kg내외),10800,4.86
제철과일,홍시 4~6입/팩 (750g내외),3480,4.7
제철과일,엔비사과 4~6입/봉 (1.3kg내외),8980,4.75
제철과일,샤인머스캣 1.5kg/박스 (2~3송이),25900,4.56
제철과일,무지개 방울토마토 750g/팩,6900,4.94
제철과일,샤인머스캣 500g/팩,8500,4.64
제철과일,강원 맑은청 방울토마토 750g/팩,5900,4.82
제철과일,달달 과즙 황금향 1.2kg/봉,9980,4.65
제철과일,[콜롬비아산] 썬팜 골드 바나나 1송이 (1.1kg내외),3980,4.82
제철과일,완숙토마토 6~8입/팩 (1.2kg),8650,4.82
제철과일,더달콤 스테비아 토마토 550g/팩,8900,4.76
제철과일,전주 신고배 3kg/박스,9980,4.63
제철과일,[미국산] 혼합포도 1.36kg/팩,9980,4.62
제철과일,파머스픽 아삭달콤 신고배 3kg/박스,13900,4.38
제철과일,애플토마토 500g/팩,3900,4.74
제철과일,대추방울토마토 750g/팩,6900,4.83
제철과일,저탄소인증 햇사과 1kg이상/봉,4480,4.7
제철과일,토마주르토마토 750g/팩,7900,4.83
제철과일,[미국산] 청포도 900g/팩,10980,4.77
제철과일,[미국산] 냉동 블루베리 1.5kg/봉,12800,4.89
제철과일,[뉴질랜드산] 아보카도 4~5입/팩 (900g내외),8980,4.47
제철과일,[칠레산] 생블루베리 310g,8980,4.79
제철과일,[필리핀산] 델몬트 컷파인애플 540g,5980,4.83
제철과일,머스크 메론 1통 (1.6kg이상),8800,4.65
제철과일,찰토마토 1.2kg/팩,7900,4.76
제철과일,새콤아삭 컬러마토 750g/팩,5900,4.79
제철과일,[칠레산] 레몬 9~15입/봉 (1.4kg 내외),8980,4.76
제철과일,허니토마토 500g/팩,5900,4.76
제철과일,[필리핀산] 신세계푸드 스카이 고산지 바나나 1kg내외,4480,4.77
제철과일,[페루산] 냉동딸기 1.3kg,5980,4.88
제철과일,[뉴질랜드산] 제스프리 그린키위/팩 (1kg내외),7980,4.84
제철과일,친환경 방울토마토 600g/팩,5480,4.78
제철과일,친환경 국산 골드키위 1kg/팩,8800,4.58
제철과일,건망고 슬라이스 250g,5530,4.85
제철과일,바나나칩 (20g*6입/박스),4980,4.82
아이스크림,[롯데] 월드콘 멀티(160ml*5입),6000,4.89
아이스크림,[나뚜루] 녹차 아이스크림 파인트 474ml,5800,4.88
아이스크림,하겐다즈 마카다미아넛 473ml 파인트,7500,4.87
아이스크림,하겐다즈 딸기 473ml 파인트,7500,4.88
아이스크림,[하겐다즈]그린티 473ml 파인트,7500,4.88
아이스크림,하겐다즈 바닐라 473ml 파인트,7500,4.87
아이스크림,[빙그레] 더 엑설런트 오리지널 800ml,5980,4.89
아이스크림,상하목장 얼려먹는 아이스크림 밀크 510ml,5980,4.81
아이스크림,하겐다즈 초콜릿 473ml 파인트,7500,4.87
아이스크림,No Brand 노브랜드초코칩아이스크림660ml,4180,4.9
아이스크림,나뚜루  초코 아이스크림 파인트 474ml,5800,4.88
아이스크림,[롯데] 셀렉션  아이스크림 500ml,4000,4.88
아이스크림,상하목장 얼려먹는 아이스주스 망고 510ml,5980,4.91
아이스크림,하겐다즈 피넛버터 크런치 473ml 파인트,7500,4.83
아이스크림,빙그레  떡붕어싸만코 150ml*5,5000,4.91
아이스크림,[롯데푸드] 구구 오리지널 460ml (92ml*5입),4000,4.9
아이스크림,롯데 조안나바 396ml (33ml x 12개),6000,5.0
아이스크림,No Brand 노브랜드향긋한바닐라향아이스5L,12980,4.9
아이스크림,구구 크러스터660ml,4000,4.91
아이스크림,셀렉션 싱글초코,4000,4.84
아이스크림,롯데 찰떡아이스90ml*5,6000,4.9
아이스크림,롯데  티코 다크 초코 510ml,5000,4.91
아이스크림,하겐다즈  쿠키&크림 473ml 파인트,7500,4.84
아이스크림,[빙그레] 슈퍼콘 바닐라쿠앤크 혼합 150ml*6,3980,4.86
아이스크림,빙그레  그라시아 쿠앤크 710ml,3980,4.88
아이스크림,나뚜루  스트로베리 아이스크림 파인트 474ml,5800,4.88
아이스크림,[롯데] 티코 밀크 초코 510ml,5000,4.91
아이스크림,빙그레  빵또아 180ml*5,5000,4.88
아이스크림,나뚜루 피페리타 민트초코 파인트,5800,4.57
아이스크림,하겐다즈 딸기 치즈 케익 473ml 파인트,7500,4.75
아이스크림,나뚜루  프렌치아포가또 아이스크림 파인트 474㎖,5800,4.77
아이스크림,[롯데푸드] 구구콘 아이스크림 5개입 800ml (160ml*5입),4000,4.86
아이스크림,[빙그레] 슈퍼콘 초코 750ml(150ml*5개),3980,4.86
아이스크림,[롯데] 스크류바 75mlx6개,3600,4.93
아이스크림,No Brand 노브랜드 리얼콘바닐라160ml*5,3580,4.79
아이스크림,[롯데] 위즐 커피 초코 퍼지 아이스크림 660ml,4000,4.83
아이스크림,롯데  위즐 바닐라 피칸 아이스크림 660ml,4000,4.82
아이스크림,[빙그레] 끌레도르 클렌라벨 커피파인트 474ml,5800,4.77
아이스크림,No Brand 노브랜드구슬아이스크림200g,6580,5.0
아이스크림,[롯데]죠스바 6입,3600,4.93
아이스크림,해태 폴라포포도 120ml*6,3600,4.95
아이스크림,[롯데] 조안나 바닐라 850ml,4000,4.9
아이스크림,월드콘 초코멀티 160ml*5,6000,4.82
아이스크림,해태 쌍쌍바 67ml*6,3600,4.85
아이스크림,No Brand [빙그레] 밀크바,3180,4.82
아이스크림,PEACOCK 피코크 욜로우 초코 474ml,5980,4.67
아이스크림,해태 팽이팽이 280ml,5000,4.8
아이스크림,No Brand 노브랜드달콤한초코아이스5L,12980,4.91
아이스크림,PEACOCK 피코크 욜로우 녹차 474ml,5980,4.59
아이스크림,롯데푸드 프라임홈 900ml,5500,4.84
아이스크림,No Brand 노브랜드상큼한딸기아이스5L,12980,4.87
아이스크림,와일드바디바멀티 70ml*6,3600,4.91
아이스크림,[롯데제과] 칙촉에 빠진 위즐 660ml,4000,4.81
아이스크림,[끌레도르]초코프레첼&브라우니 파인트 474ml,5880,4.72
아이스크림,[롯데]옥동자 70ml*6,3600,4.88
아이스크림,PEACOCK 피코크 욜로우 바닐라 474ml,5980,4.55
아이스크림,PEACOCK 피코크 욜로우 딸기 474ml,5980,4.51
아이스크림,[해태] 부라보콘 화이트바닐라 140ml*5ea,6000,4.84
아이스크림,해태 호두마루 660ml,4000,4.87
아이스크림,[롯데제과] 라이스크림,3500,4.77
돼지고기,"No Brand [노브랜드][냉동] 삼겹살 바로구이 (1,000g)",12900,4.88
돼지고기,국내산 돈목심 구이용 (100g),2300,4.9
돼지고기,국내산 삼겹살 구이용 (100g),2480,4.85
돼지고기,국내산 칼집 삼겹살 (100g),2680,4.84
돼지고기,국내산 삼겹살 수육용 (100g),2480,4.81
돼지고기,국내산 돈앞다리 불고기용 (100g),1580,4.86
돼지고기,"No Brand [노브랜드][냉동] 돼지 목심 바로구이 (1,000g)",10900,4.87
돼지고기,국내산 삼겹살 찌개용 (100g),2480,4.85
돼지고기,국내산 돈등심 카레용 (100g) (팩),1580,4.92
돼지고기,[국산의힘][냉동] 얼룩도야지 두툼 삼겹살 (350g),8780,4.87
돼지고기,"[냉동][스페인산] 뼈없는 대패 삼겹살 (1,000g)",12980,4.89
돼지고기,[더느림] 돈앞다리 (100g),2080,4.83
돼지고기,국내산 돈등심 잡채용 (100g) (팩),1580,4.9
돼지고기,우체국쇼핑 [66마켓] 국내산 한돈 대패삼겹살 600g + 대패목살 600g(총 1.2kg),29900,4.83
돼지고기,[더느림]  삼겹살 (100g),3480,4.85
돼지고기,[맥돈] 돈앞다리 (100g),2080,4.9
돼지고기,[국산의힘][냉동] 얼룩도야지 목심 (350g),8780,4.86
돼지고기,No Brand [노브랜드][냉동] 감자탕용 등뼈 (1.5kg),4980,4.86
돼지고기,[냉동][미국산] 소스와 볶아먹는 매콤달콤 제육볶음 (600g),8080,4.74
돼지고기,[냉동] 국내산 삼겹살 (800g),17480,4.87
돼지고기,[더느림] 돈등갈비 (100g),3880,4.9
돼지고기,[더느림] 돈목심 (100g),3480,4.8
돼지고기,[더느림] 돈갈비 (100g),1980,4.73
돼지고기,[국내산 냉장][한돈][산수골목장] 목살 500g,9900,4.82
돼지고기,[국산의힘][냉동] 얼룩도야지 돈마호크 (350g),6980,4.96
돼지고기,[국내산 냉장][한돈][산수골목장] 삼겹살 500g,10900,4.65
닭고기,"No Brand [노브랜드][냉동] 닭가슴살 (1,000g)",5900,4.93
닭고기,"[하림] 무항생제 닭 (볶음탕용) (1,000g)",6980,4.92
닭고기,"No Brand [노브랜드][냉동] 닭안심 (1,000g)",5900,4.92
닭고기,[하림] 무항생제 닭가슴살 (400g),5680,4.92
닭고기,대림 사조안심 닭가슴살 블랙페퍼 100g,1980,4.92
닭고기,CJ 더건강한 닭가슴살 직화 통살구이 100g,2980,4.92
닭고기,CJ 더건강한 닭가슴살 직화 스테이크 100g,2980,4.88
닭고기,"[마니커][냉동] 무항생제 닭가슴살 (1,000g)",6980,4.9
닭고기,[마니커] 무항생제 닭 (볶음탕용) (800g),6280,4.89
닭고기,하림 닭가슴훈제100g,2080,4.85
닭고기,[대림]사조안심 닭가슴살 훈제 100g,1980,4.89
닭고기,[마니커][냉동] 무항생제 닭봉 (800g),8980,4.88
닭고기,[마니커][냉동] 초간단 닭발 (250g),4880,4.89
닭고기,"[마니커][냉동] 무항생제 닭안심 (1,000g)",6980,4.91
닭고기,삼립 닭가슴살 슬라이스 블랙페퍼 400g,6980,4.85
닭고기,[마니커][냉동] 무항생제 닭윙 (800g),8980,4.87
닭고기,[하림] 프리미엄하얀속살햄100g3,5800,4.89
닭고기,[마니커] 무항생제 닭 (백숙용) (800g),7480,4.93
닭고기,교촌1991 [BEST Fresh][교촌] 치킨 맛집 교촌의 닭가슴살 골라담기★사은품 증정,990,4.95
닭고기,테미즈 [BEST Fresh][두메산골]당일손질 냉장 닭다리살(정육)1kg+1kg(2kg),20900,4.83
닭고기,[마니커] 무항생제 닭아랫날개 (윙) (600g),8980,4.95
닭고기,PEACOCK [피코크] 매운 바베큐 닭다리 165g,2980,4.88
닭고기,에그파파 [BEST Fresh]에그파파 100% 국내산 신선 냉장 닭가슴살 1kg,4900,4.86
닭고기,[하림] 매콤한 뼈없는 닭발 (300g),7980,4.56
닭고기,"[우리땅] 토종닭 (볶음탕용) (1,000g)",8980,4.77
닭고기,교촌1991 [BEST Fresh][교촌] 닭가슴살/소시지/볶음밥 균일가★사은품 증정,5900,4.88
닭고기,동원 그릴리 닭가슴살 오리지널 110g,2980,5.0
닭고기,하림 [냉동] ★신제품★ 하림e닭 촉촉함이 살아있는 닭가슴살 원물/소시지/스테이크/큐브 18종 골라담기,1890,4.77
닭고기,친환경 닭안심 다짐육 (50gx6),8980,4.86
닭고기,에그파파 [BEST Fresh]에그파파 100% 국내산 신선 냉장 무뼈 통다리살 1kg,9900,4.89
닭고기,오다닭 스팀 닭가슴살 3kg 골라담기 (100g 30팩),29900,4.74
우유,[서울우유] 서울우유 2.3L,6350,4.95
우유,매일유업 [매일] 우유 오리지널 후레쉬팩 900ML*2,4980,4.95
우유,매일유업 [매일] 소화가 잘되는 우유 930ml,3290,4.94
우유,PEACOCK 피코크 더 클래스 우유 900ml (1등급)(남양유업),1888,4.89
우유,서울우유 1.8L,4990,4.94
우유,남양유업 맛있는우유GT 멸균 200ml*24,10980,4.92
우유,[빙그레] 바나나맛 우유 Value 6팩(240ml*6개) 1440ml,5980,4.94
우유,남양유업 [남양] 맛있는 우유 GT 900ml×2,4980,4.94
우유,서울우유 커피포리 200ml* 4입,3490,4.92
우유,[빙그레] 바나나맛 우유(240ml4개) 960ml,4900,4.94
우유,[서울우유] 서울우유 (200ml*3개),2640,4.94
우유,매일유업 [매일] 소화가 잘되는 멸균우유 (190ml16),12480,4.94
우유,[파스퇴르] 후레쉬우유(200ml*3입) 600ml,2540,4.95
우유,[빙그레] 바나나 스페셜(240ml*6개) 1440ml,5980,4.93
우유,서울 초코우유 200ml*3입,2640,4.95
우유,매일유업 [매일] 아몬드브리즈 오리지널 950ml,2780,4.91
우유,[서울우유] 저지방 우유 1800ml,5290,4.92
우유,서울우유 2입(1000ml*2),4680,4.89
우유,매일유업 매일우유 저지방 1% 멸균(200mL X 24입),14800,4.92
우유,[서울우유] 저지방 우유 2.3L,6550,4.94
우유,[덴마크] 대니쉬 the건강한우유(900ml*2) 1800ml,4780,4.93
우유,매일유업 [매일] 우유 저지방2% 후레쉬팩 900ML*2,4780,4.94
우유,서울 딸기우유 200ml*3입,2640,4.94
우유,[서울우유] 목장의 신선함이 살아 있는 저지방 1L,3300,4.93
우유,매일유업 [매일] 오리지널(200ml*3개) 600ml,2270,4.95
우유,[서울우유] 멸균우유(1L*10개입),21700,4.85
우유,상하목장 유기농우유 900ml,4580,4.95
우유,서울우유 그린라벨 (1L*2입),5780,4.9
우유,매일유업 [매일] 소화가잘되는우유 멸균 (190ml*6입),5680,4.93
우유,매일유업 [매일] 우유 무지방 0% 후레쉬팩 900ml,2610,4.89
우유,매일유업 우유속에 딸기과즙 300ml 3입 기획,2980,4.91
우유,파스퇴르 소화가 잘되는 우유(700ml*2입),3980,4.85
우유,매일유업 우유속에 코코아과즙 300ml 3입 기획,2980,4.95
우유,[파스퇴르] 후레쉬 우유 1.8L,5880,4.94
우유,매일유업 [매일] 허쉬 쵸콜렛 드링크(235ml*4개) 940ml,4280,4.94
우유,[푸르밀] 고칼슘 저지방 우유(900ml*2) 1800ml,4280,4.92
우유,상하목장 유기농 저지방우유 900ml,4580,4.93
우유,PEACOCK 피코크 핑크퐁 유기농인증 딸기 우유 125mL X 4 (멸균우유),4200,4.99
우유,상하목장 유기농 멸균우유 1200ml (200ml*6),7400,4.93
우유,아몬드브리즈 프로틴 190ml*6입,4540,4.9
우유,매일유업 매일 멸균 소화가잘되는 저지방우유 6입,5680,4.94
우유,상하 무항생제 저온살균 우유 저지방 900ml,3500,4.79
우유,매일유업 [매일] ESL 우유 500ml,1580,4.93
우유,매일유업 매일 소화가 잘되는우유 초콜릿 190ml*6입,5380,4.92
우유,서울우유 그린라벨 1L,3490,4.88
우유,남양 초코에몽 180ml*4,4380,4.95
우유,아몬드브리즈 언스위트 190ml x 6입,3780,4.94
우유,PEACOCK 피코크 유기농인증 플레인우유 125mL X 4 (멸균우유),4200,4.97
우유,[빙그레] 딸기맛 우유 240ml4,4900,4.93
우유,상하목장 유기농 우유 750ml,4980,4.92
우유,상하목장 유기농 딸기우유 500ml (125ml*4입),4400,4.96
우유,PEACOCK 피코크 핑크퐁 유기농인증 바나나 우유 125mL X 4 (멸균우유),4200,4.92
우유,작센 [독일공식수입 작센우유] 멸균우유 유지방1.5% 1000mlx12개입 (총12L),18540,4.72
세제,[유한] 펑크린 (1.5ℓ + 200ml),2990,4.93
세제,No Brand [노브랜드] 더 경제적인 주방 세제 4L,4580,4.89
세제,다우니 고농축 섬유유연제 엑스퍼트 2L(실내건조),13800,4.92
세제,비트 트리플 액션 2.8L,13900,4.92
세제,프릴 맑은 식초 750ML(상큼한라임),7500,4.9
세제,테크 베이킹구연산 2.4L*2 겸용,7900,4.91
세제,[유한락스] 레귤러 3.5L,5930,4.93
세제,퍼실 파워젤 2.7L 드럼,23800,4.92
세제,퐁퐁 베이킹소다 1200ml 리필,2450,4.93
세제,홈스타 락스와 세제 후로랄 파인 (750ml),3900,4.92
세제,프릴 맑은 식초 750ML(산뜻한자몽),7500,4.92
세제,프릴 맑은 식초 상큼한 라임향 1L,7500,4.89
세제,No Brand 노브랜드 깨끗한 락스4.3L,3380,4.93
세제,LG생활건강 한입 과탄산소다 2KG,9900,4.92
세제,자연퐁 오렌지 1570ML,5900,4.92
세제,유한락스 욕실청소용 900ml*2,7000,4.9
세제,홈스타 욕실세정용 900ML,5500,4.89
세제,다우니 고농축 섬유유연제 엑스퍼트 2.6L(실내건조),16400,4.96
세제,한입 베이킹소다 4KG,9900,4.93
세제,테크 울드라이 1.3L 리필,3900,4.92
세제,자연퐁 주방세제 제균솔잎 1570ML,5900,4.92
세제,[유한락스] 레귤러 500ML,1380,4.93
세제,테크 분말세탁세제 4KG,7900,4.91
세제,LG생활건강 테크 특유취제거 2.7L 드럼,16900,4.84
세제,프릴 맑은 식초 1L(산뜻한자몽),7500,4.92
세제,[유한락스] 후레쉬 락스 1.5L,3410,4.93
세제,백광 파워 트래펑 2L,4500,4.9
세제,[이마트가 직접 수입한] USA 다우니 에이프릴후레쉬 3.06L,14900,4.92
세제,홈스타 변기세정제40G X 4P,3300,4.85
세제,홈스타 싱크대배수관 세정제(1회분),7900,4.83
세제,홈스타 버블워시 세탁조 클리너 100G*2,3900,4.88
세제,[애경] 울샴푸 오리지널 리필 1.8L,7800,4.92
세제,LG생활건강 테크 특유취제거 2.7L 일반,16900,4.86
세제,다우니 퍼퓸 초고농축 섬유유연제 2L(블랙 미스티크),10800,4.92
세제,다우니 프리미엄 액체형 세제 1.7L(실내건조),11200,4.92
세제,비트 EX 분말세탁세제 4KG,9900,4.91
세제,No Brand [노브랜드] 액체세제 용기 2.5L(일반용),4980,4.9
세제,메소드 주방세제 리필1000ml(레몬민트),4940,4.93
세제,No Brand 파워 배수관세척제2L,3280,4.9
세제,다우니 프리미엄 세탁세제 2L(실내건조),18600,4.92
세제,홈스타 세면대 배수관 클리너,7900,4.86
세제,LG생활건강 한입 구연산 2KG,9900,4.92
세제,No Brand 노브랜드 표백비누 450g,980,4.88
세제,샤프란 아로마 리필 2.1L_구연산,2750,4.93
세제,[홈스타] 바르면 곰팡이 싹 120ml,3900,4.89
세제,바르는 비트 220ml,3490,4.9
세제,비트 실내건조 분말세탁세제 4.2KG,9900,4.9
세제,프릴 베이킹소다 퓨어레몬 750ML 용기,7500,4.9
세제,유한락스 주방청소900ML*2,7000,4.87
세제,참그린 유럽에서온 베이킹소다&구연산 주방세제1.2L 리필,2450,4.9
세제,헨켈 퍼실 라벤더  2.7L(일반용),23800,4.92
세제,다우니 초고농축 섬유유연제 2.6L(블루 레몬그라스와 달콤한 라일락 향),13300,4.93
세제,No Brand 주방세제1L,2980,4.89
세제,유한젠 표백제 1.8L,6130,4.88
세제,LG생활건강 홈스타 착붙는 락스 스프레이 900ml,5500,4.84
세제,No Brand [노브랜드] 액체세제 리필 2.1L (일반용),3980,4.89
세제,다우니 퍼퓸 초고농축 섬유유연제 2L(스프링 가든 러브),10800,4.93
세제,홈스타 속 시원한 변기클리너(1회분),7900,4.8
세제,LG생활건강 피지 바이럭스 액체세제 2.7L(오리지널),14900,4.88
세제,자연퐁 스팀워시 식기세척기세제 55입,12900,4.88
화장지,No Brand 노브랜드 도톰한 물티슈 100매,980,4.93
화장지,크리넥스 3겹 데코&소프트 30m*30롤,21762,4.92
화장지,No Brand 노브랜드 키친타올 200매*6롤,4900,4.93
화장지,No Brand [노브랜드] 깨끗한 물티슈 100매,880,4.88
화장지,크리넥스 순수소프트내추럴 3겹 30m*30롤,18900,4.9
화장지,[코디] 순한 3겹데코 33m*30롤,15120,4.88
화장지,크리넥스 키친타월 150매*6롤,4950,4.91
화장지,크리넥스 디럭스미니 카카오230매6입,10400,4.9
화장지,크리넥스 실크소프트 미용티슈 230매 *6입,9810,4.91
화장지,깨끗한나라 물티슈100매6입(캡형),8910,4.92
화장지,[크리넥스] 내츄럴소프트 미용티슈 270매6입,15500,4.92
화장지,크리넥스 수앤수 코튼클린 오리지널캡 80x6,11610,4.89
화장지,그루 키친타올 230매*4입,3980,4.91
화장지,[코디] 키친타올 150매*6롤,7600,4.91
화장지,크리넥스 뽑아쓰는키친타올140매*4입,9720,4.91
화장지,깨끗한나라 순수 시그니처 4겹 25m*30롤,27900,4.87
화장지,코디  데코레이션 화장지 45m*30롤,16800,4.77
화장지,깨끗한나라 99.9% 손소독물티슈60매(캡),3900,4.89
화장지,크리넥스 안심 프리미엄 3겹 키친타올 140매x4롤,5900,4.9
화장지,코디 뽑아쓰는 키친타월 150*4,5890,4.94
화장지,깨끗한나라 키친타올150매4+4입(2겹),6900,4.9
화장지,크리넥스 3겹 더건강한케어 30M*30롤,35900,4.72
화장지,No Brand 노브랜드 Suprise 3겹 화장지 27m*36롤,10980,4.89
화장지,크리넥스 마이비데 물티슈(캡) 46매*4입,9810,4.92
화장지,크리넥스 내추럴소프트 숲속향 250매6입,11900,4.89
화장지,이마트24 민생화장지 3겹 27M *30롤,9800,4.86
화장지,[코디] 내추럴 미용티슈 230매*6입,10800,4.89
화장지,코디 비데&클린 화장지 30m*36롤,25800,4.88
화장지,크리넥스 안심물티슈60매(캡),2600,4.89
화장지,깨끗한나라 아이리스 30M 30롤,13950,4.89
화장지,코디 기름먹는 키친타올 140*6,4900,4.89
화장지,그루3겹데코 33M30롤,13900,4.84
화장지,깨끗한나라  순수 소프티 미용티슈 260매*6입,8010,4.87
화장지,이마트24 민생화장지 3겹 40M *12롤,5900,4.88
화장지,[코디] 울트라 슈퍼 스트롱 키친타올 130매*6롤,8500,4.9
화장지,코디 에코그린 화장지 30m*30롤,12728,4.89
화장지,크리넥스 안심 손소독티슈 30+2매,2100,4.82
화장지,깨끗한나라 촉앤감케어 3겹 30m*30롤,19900,4.9
화장지,"코디 고창황토(특허받은 화장지)30m X 30롤 2팩(천연펄프, 무료배송)",33500,4.9
화장지,더도톰한 리트리 물티슈(캡) 100매6입,13900,4.92
화장지,No Brand [노브랜드] 로션 미용티슈 200매*3개입,4480,4.89
화장지,이마트24 [민생]한아름 물티슈 200매(캡형),1500,4.79
화장지,이마트24 민생 미용티슈 250매×3입,3900,4.8
화장지,크리넥스 수앤수 20매 카카오(색상랜덤발송),1100,4.92
화장지,No Brand 노브랜드 도톰한 3겹 키친타월 150매*4롤,4880,4.89
화장지,No Brand 노브랜드 Lotion&Soft 3겹 화장지 27M*12롤,6980,4.84
화장지,유한킴벌리 크리넥스 3겹 천연펄프 데코&소프트 화장지 37M-24롤x2팩,37900,4.83
화장지,크리넥스 마이비데 카카오 캡 40매,2000,4.92
화장지,(맘키즈★2개 구매시 40% 할인)크리넥스 마이비데 키즈 캡 42매x4,10900,4.93
화장지,코디 홈냅킨 100매*6입,3890,4.83
화장지,크리넥스 수앤수 카카오라이언80매(캡),2000,4.89
화장지,잘풀리는집 깨끗한3겹 순&순 30m*30롤,15900,4.89
화장지,랩신 V3 손소독티슈 60매,5900,4.84
화장지,코디 올록볼록 점보롤티슈 300Mx4롤,10500,4.89
화장지,No Brand 노브랜드 비데물티슈 60매 (캡형),3280,4.93
화장지,SHYRILLA 샤이릴라 여행용 티슈 70매*3입,1500,4.9
화장지,코디 스위티베어200매6입,7500,4.9
화장지,모나리자 보타닉포레 천연펄프 화장지 3겹 30롤 2팩 (총60롤),24408,4.84
화장지,유한킴벌리 크리넥스 3겹 천연펄프 순수소프트 화장지 27M-30롤x2팩,33900,4.79
화장지,코디 안심 3겹 키친타월 160*4,6500,4.91
뷰티케어,[창립행사]카밀 핸드크림 베스트 트리오 기획세트,9900,4.95
뷰티케어,[창립행사]세타필로션 591ml+(29ml*2),12900,4.91
뷰티케어,[창립행사]아이깨끗해 순 2.05L 용기형 리필,11900,5.0
뷰티케어,[창립행사]뉴트로지나 시카에멀젼 한정수량 특가팩,13900,4.85
뷰티케어,[창립행사]카밀 핸드크림 미니 3종 세트,5900,4.63
뷰티케어,[창립행사]아이깨끗해 레몬 2.05L 용기형 리필,11900,5.0
뷰티케어,비욘드 (SSG단독) 비욘드 클래식 핸드크림 기프트 세트(Thank You Edition),6800,4.82
뷰티케어,[클린앤클리어] 훼이셜 포밍클렌져 150ml,7200,4.91
뷰티케어,[아비노] 데일리 모이스춰라이징 로션 354ml,19900,4.82
뷰티케어,[국민가격]밀크바오밥 모이스트 바디로션 화이트머스크 400ml,4900,4.89
뷰티케어,온더바디 더내추럴 순한 아보카도 클렌징폼 200,3450,4.89
뷰티케어,온더바디 더내추럴 촉촉한 올리브 클렌징폼 200,3450,4.87
뷰티케어,뉴트로지나 데일리 바디 로션 450ml,17900,4.88
뷰티케어,[아비노] 스트레스 릴리프 모이스춰라이징 로션 354ml,19900,4.87
뷰티케어,[국민가격]밀크바오밥 모이스트 바디로션 베이비파우더 400ml,4900,4.87
뷰티케어,[이마트가 직접 수입한]아이보리비누 90g*3입,2205,4.87
뷰티케어,LG생활건강 온더바디 더내추럴 레몬 클렌징폼200G 7개,8175,4.83
뷰티케어,존슨&존슨 아비노 데일리 에너자이징 로션 354ml,19900,4.83
뷰티케어,니베아 스무드 바디 로션 400ml,13900,4.9
뷰티케어,C&C [클린앤클리어] 딥 액션 블랙헤드 데일리 클렌저 100g,7500,4.83
뷰티케어,[창립행사]센카 퍼펙트 휩 페이셜워시,12800,4.93
뷰티케어,"스킨푸드 [11/15~11/21 증정]캐롯 카로틴 카밍 워터 패드(당근패드)(250g, 60매)",19760,4.92
뷰티케어,[아트릭스] 핸드 앤드 네일 로션 (400ml),5450,4.86
뷰티케어,No Brand [노브랜드] 부드럽고 촉촉한 핸드크림100ml,2980,4.87
뷰티케어,뉴트로지나 릴렉싱 바디로션 450ml+250ml 기획팩,11900,4.9
뷰티케어,온더바디 더내추럴 산뜻한 레몬 클렌징폼 200,3450,4.85
뷰티케어,[국민가격]밀크바오밥 모이스트 바디로션 화이트솝 400ml,4900,4.93
뷰티케어,일리윤 세라마이드아토로션350ML,11900,4.89
뷰티케어,해피바스 어성초 모공 클렌징폼 200G,2900,4.89
뷰티케어,더마토리 프로 히알샷 물광앰플 21AD 기획세트 [앰플 20ml+100%히알루론산큐브 2ea],16800,4.63
뷰티케어,라이프보이 손소독제 500ml,2730,4.76
뷰티케어,[창립행사]세타필크림 기획세트 550g+250g,23900,4.94
뷰티케어,[바세린] 퓨어스킨젤리 오리지날 50ml,2200,4.93
뷰티케어,온더바디 쉐어버터 바닐라 바디로션 1000ml,9900,4.87
뷰티케어,니베아 알로에 하이드레이션 바디 로션 400ml,16900,4.85
뷰티케어,베일리스앤하딩호호바실크앤아몬드오일핸드워시,6900,4.67
뷰티케어,스파 히말라야 핑크쏠트 클렌징 폼 200G,7900,4.79
뷰티케어,뉴트로지나 인텐스리페어 풋크림 56G,8900,4.92
뷰티케어,존슨즈 베이비오일 기획팩,9900,4.86
뷰티케어,아크네스 세범밸런싱스킨2.0,15000,4.92
뷰티케어,허바신 뉴카밀 핸드크림 셋트,11900,4.92
뷰티케어,[아트릭스] 핸드 앤 네일케어 100ml,3500,4.76
뷰티케어,온더바디 쉐어버터 코튼 바디로션 1000ml,9900,4.86
뷰티케어,아이!깨끗해 클린머스크 향 200ml,4500,5.0
뷰티케어,니베아 익스프레스 바디 로션 400ml,13900,4.86
뷰티케어,일리윤 연꽃수분마스크기획 10매,4950,4.84
뷰티케어,비욘드 워터풀 바디 에멀전 1L,16500,5.0
뷰티케어,F3 에스라인 사포 발각질 제거기,4500,4.87
뷰티케어,해피바스 대나무숯 피지흡착 클렌징폼 200G,2900,4.84
뷰티케어,일리윤 오일스무딩바디로션 350ml,9900,4.92
뷰티케어,해피바스 정말 촉촉한 바디밀크 450ml,5900,4.87
뷰티케어,니베아 [아트릭스] 스트롱 프로텍션 크림 250ml,5700,4.9
뷰티케어,한스킨 [SSG BEST] 한스킨 클렌징오일&블랙헤드 + GIFT,15840,4.83
뷰티케어,No Brand 노브랜드 안심쓱쓱 발각질면도기,3580,4.79
뷰티케어,벨먼 프로폴리테라 고보습 바디로션 자스민향 500mL,10900,4.7
뷰티케어,No Brand 노브랜드 데일리 모이스처 바디로션500ml,3800,4.82
뷰티케어,뉴트로지나 딥클린젠틀포밍클렌저175g,13900,4.76
뷰티케어,딥퍼랑스 핸즈 & 무드 핸드크림 (오드블룸) 30ml,10800,4.87
뷰티케어,일리윤 울트라 리페어 로션 350ml,9900,4.88
뷰티케어,SCINIC [SSG단독] 싸이닉 퍼스트 에센스 대용량 215ml 1+1,16000,4.87
뷰티케어,뉴트로지나 딥클린아크네포밍클렌저기획팩,11130,4.91
뷰티케어,[아비노] 스킨 릴리프 모이스춰라이징 로션 354ml,19900,4.87
뷰티케어,바세린 인텐시브 헬씨 핸드 앤 스트롱400ml,14900,4.77
뷰티케어,해피바스 퍼펙트 딥 씨솔트 클렌징폼 150g,5500,4.89
뷰티케어,니베아 선 프로텍트 앤 라이트 선 세럼 90ml,9900,4.9
뷰티케어,일리윤 세라마이드 아토 집중크림 200ML,11900,4.89
뷰티케어,[뉴트로지나] 딥클린 에너자이징 폼클렌져 100g,10200,4.88
뷰티케어,[바세린] 헬씨핸드앤스트롱거네일 60ml,2700,4.78
뷰티케어,프로폴리테라 머스크향 바디로션 500ml,10900,4.72
뷰티케어,해피바스 비타민 C 메이크업 클렌징 오일 투 폼 500ml,11900,4.79
뷰티케어,피지오겔 DMT 크림 150ml,27800,4.5
뷰티케어,[하다라보] 코쿠준 오일 클렌징 200ml,19500,4.88
뷰티케어,뉴트로지나 인텐스 리페어 시카 에멀젼 310ml,20900,4.94
뷰티케어,아크네스 모이스처크림2.0,18000,4.71
등산용품,[하루온팩] 손난로핫팩 10입 (100g),4830,5.0
등산용품,[하루온팩] 파스형핫팩 10입 (50g),4130,4.92
등산용품,[랜덤박스핫팩] 손난로핫팩 30입 (80g),8330,4.86
등산용품,[불곰팩] 손난로핫팩 5입 (특대형/중형),2730,4.67
등산용품,[하루온팩] 발난로핫팩 10입 (40g),3430,5.0
등산용품,[마운틴이큅먼트] 폴라장갑,6900,5.0
등산용품,[마운틴이큅먼트] 베이직 워머 장갑,8900,5.0
등산용품,[화롯불] 손난로핫팩 5입 (대형/중형),2730,5.0
등산용품,마이핫(MYHOT) 마이핫 보온대 160g (60개입),39900,5.0
등산용품,[불곰팩] 손난로핫팩 5입 (특대형/중형),4130,4.94
등산용품,마이핫 보온대 160g x 50팩/2021년 최신 제조/대용량핫팩/군용핫팩/손난로,39100,4.92
등산용품,마운틴이큅먼트  루크 체인 아이젠+리암스패츠,28500,4.73
등산용품,"도이터 몰타자켓(남)_2.5레이어 발수,투습 자켓",49000,4.2
등산용품,[마운틴이큅먼트] 폴라 넥워머,6900,5.0
등산용품,[마모트] 파워스트레치 여성장갑,19000,5.0
등산용품,[화롯불] 손난로핫팩 5입 (대형/중형),3430,5.0
등산용품,[마운틴이큅먼트] 폴라워머,6900,5.0
등산용품,SSG랜더스 손난로핫팩 5입 (80g),2730,4.94
등산용품,[마운틴이큅먼트] 카치온 이어캡,8900,5.0
등산용품,[마모트] 플리스 포인트 여성장갑,15000,5.0
등산용품,네파[NEPA] [네파]공용 C-TR 에어그램 후디 다운7HF2071-199,323100,5.0
등산용품,[마모트] 플리스 포인트장갑,15000,4.76
등산용품,[마운틴이큅먼트] 액티브장갑,19900,4.88
등산용품,마운티아[MOUNTIA] [마운티아] 남성 조이엔 티셔츠 3-1MQTSW7005,16210,5.0
등산용품,오스프리 스트라토스 등산 배낭 가방 36L OP71MBH008,160300,5.0
등산용품,마운틴이큅먼트  테디 스마트폰 터치장갑/겨울등산장갑/남여공용,14370,5.0
등산용품,오스프리  Daylite plus 데이라이트 플러스 20L U,89000,4.6
등산용품,레드페이스  남성 그리드 플리스 웜 짚 티셔츠-REWMTSF18014,14250,5.0
등산용품,네파[NEPA] [네파]남성 뉴 데이브 보아 플리스 후디자켓7H76146-199,104530,5.0
등산용품,마운티아[MOUNTIA] 마운티아 여성 아바티셔츠 6-1MQTSF8501,9200,4.93
등산용품,겨울 남성 울트라 다이나믹 등산 작업 경량 잠바 패딩 점퍼,22900,5.0
등산용품,제이큐 컴포트그립 3M장갑 터치 작업용장갑 반코팅장갑,3790,4.71
등산용품,"미래통상 [대진통상] 차이나 깔깔이 (디지털-그린(기모,극세사))",27000,4.73
등산용품,지벤 ZB-171s 방수 안전화/다이얼 작업화 6인치,84700,4.65
등산용품,K2(케이투) K2 방한 귀마개 IMW12902 길이조절 보온 귀돌이,5539,5.0
등산용품,Summit 써미트 인디언나이프 18L 배낭 백팩 레인커버 포함,68850,5.0
등산용품,핫타임 보온대 핫팩 대용량 휴대용 손난로 160g 30개,18753,4.91
등산용품,노스페이스(NORTHFACE) [노스페이스 화이트라벨]뮬 슬립온 V모션_NS93M57J,62100,4.5
등산용품,마운티아[MOUNTIA] 마운티아 여성 리치다운자켓 8-1MQJDW7501,12710,5.0
등산용품,네파(NEPA) [네파] 남성/여성 양말 골라담기,4050,4.7
등산용품,파라고나(paragona) 남녀공용  무지 보아털 플리스 기모 집업 자켓,15900,4.92
등산용품,파쉬(해외직구),27820,5.0
